ClusterStyle,SizeOfCluster,Accuracy
Sedan,83,0.5783132530120482
SUV,19,0.8947368421052632
Sedan,6,0.6666666666666666
Van,11,0.5454545454545454
SUV,31,0.5806451612903226
